OBJECTID,GEOID,geoname,Stusab,Countyname,State,County,Tract,BLKGRP,Low,Lowmod,Lowmoduniv,Lowmod_pct,Low_vs_Lowmod_pct
163647,410510001001,"Block Group 1, Census Tract 1, Multnomah County, Oregon",OR,Multnomah County,41,51,100,1,40,125,625,0.2,65.7513258691809
163648,410510001002,"Block Group 2, Census Tract 1, Multnomah County, Oregon",OR,Multnomah County,41,51,100,2,125,160,1115,0.1435,
163649,410510001003,"Block Group 3, Census Tract 1, Multnomah County, Oregon",OR,Multnomah County,41,51,100,3,160,265,710,0.3732,
163650,410510001004,"Block Group 4, Census Tract 1, Multnomah County, Oregon",OR,Multnomah County,41,51,100,4,210,480,1225,0.3918,
163651,410510001005,"Block Group 5, Census Tract 1, Multnomah County, Oregon",OR,Multnomah County,41,51,100,5,80,170,640,0.2656,
163652,410510001006,"Block Group 6, Census Tract 1, Multnomah County, Oregon",OR,Multnomah County,41,51,100,6,220,355,775,0.4581,
163653,410510001007,"Block Group 7, Census Tract 1, Multnomah County, Oregon",OR,Multnomah County,41,51,100,7,220,350,940,0.3723,
163654,410510002001,"Block Group 1, Census Tract 2, Multnomah County, Oregon",OR,Multnomah County,41,51,200,1,505,680,1340,0.5075,65.7513258691809
163655,410510002002,"Block Group 2, Census Tract 2, Multnomah County, Oregon",OR,Multnomah County,41,51,200,2,670,730,2125,0.3435,
163656,410510002003,"Block Group 3, Census Tract 2, Multnomah County, Oregon",OR,Multnomah County,41,51,200,3,400,585,1855,0.3154,
163657,410510002004,"Block Group 4, Census Tract 2, Multnomah County, Oregon",OR,Multnomah County,41,51,200,4,340,500,1095,0.4566,
163658,410510003011,"Block Group 1, Census Tract 3.01, Multnomah County, Oregon",OR,Multnomah County,41,51,301,1,460,580,1290,0.4496,65.7513258691809
163659,410510003012,"Block Group 2, Census Tract 3.01, Multnomah County, Oregon",OR,Multnomah County,41,51,301,2,140,245,600,0.4083,
163660,410510003013,"Block Group 3, Census Tract 3.01, Multnomah County, Oregon",OR,Multnomah County,41,51,301,3,690,1055,1555,0.6785,
163661,410510003014,"Block Group 4, Census Tract 3.01, Multnomah County, Oregon",OR,Multnomah County,41,51,301,4,550,945,1165,0.8112,
163662,410510003021,"Block Group 1, Census Tract 3.02, Multnomah County, Oregon",OR,Multnomah County,41,51,302,1,110,300,1340,0.2239,65.7513258691809
163663,410510003022,"Block Group 2, Census Tract 3.02, Multnomah County, Oregon",OR,Multnomah County,41,51,302,2,185,365,1400,0.2607,
163664,410510003023,"Block Group 3, Census Tract 3.02, Multnomah County, Oregon",OR,Multnomah County,41,51,302,3,50,90,615,0.1463,
163665,410510003024,"Block Group 4, Census Tract 3.02, Multnomah County, Oregon",OR,Multnomah County,41,51,302,4,210,245,1505,0.1628,
163666,410510003025,"Block Group 5, Census Tract 3.02, Multnomah County, Oregon",OR,Multnomah County,41,51,302,5,115,140,995,0.1407,
163667,410510003026,"Block Group 6, Census Tract 3.02, Multnomah County, Oregon",OR,Multnomah County,41,51,302,6,125,125,1055,0.1185,
163668,410510004011,"Block Group 1, Census Tract 4.01, Multnomah County, Oregon",OR,Multnomah County,41,51,401,1,390,505,1340,0.3769,65.7513258691809
163669,410510004012,"Block Group 2, Census Tract 4.01, Multnomah County, Oregon",OR,Multnomah County,41,51,401,2,115,275,620,0.4435,
163670,410510004013,"Block Group 3, Census Tract 4.01, Multnomah County, Oregon",OR,Multnomah County,41,51,401,3,195,355,1040,0.3413,
163671,410510004014,"Block Group 4, Census Tract 4.01, Multnomah County, Oregon",OR,Multnomah County,41,51,401,4,140,170,765,0.2222,
163672,410510004021,"Block Group 1, Census Tract 4.02, Multnomah County, Oregon",OR,Multnomah County,41,51,402,1,280,390,1020,0.3824,65.7513258691809
163673,410510004022,"Block Group 2, Census Tract 4.02, Multnomah County, Oregon",OR,Multnomah County,41,51,402,2,95,175,740,0.2365,
163674,410510004023,"Block Group 3, Census Tract 4.02, Multnomah County, Oregon",OR,Multnomah County,41,51,402,3,170,500,1360,0.3676,
163675,410510005011,"Block Group 1, Census Tract 5.01, Multnomah County, Oregon",OR,Multnomah County,41,51,501,1,325,460,675,0.6815,65.7513258691809
163676,410510005012,"Block Group 2, Census Tract 5.01, Multnomah County, Oregon",OR,Multnomah County,41,51,501,2,310,580,1110,0.5225,
163677,410510005013,"Block Group 3, Census Tract 5.01, Multnomah County, Oregon",OR,Multnomah County,41,51,501,3,200,400,885,0.452,
163678,410510005014,"Block Group 4, Census Tract 5.01, Multnomah County, Oregon",OR,Multnomah County,41,51,501,4,380,535,1155,0.4632,
163679,410510005021,"Block Group 1, Census Tract 5.02, Multnomah County, Oregon",OR,Multnomah County,41,51,502,1,500,605,990,0.6111,65.7513258691809
163680,410510005022,"Block Group 2, Census Tract 5.02, Multnomah County, Oregon",OR,Multnomah County,41,51,502,2,145,430,630,0.6825,
163681,410510005023,"Block Group 3, Census Tract 5.02, Multnomah County, Oregon",OR,Multnomah County,41,51,502,3,160,660,1090,0.6055,
163682,410510005024,"Block Group 4, Census Tract 5.02, Multnomah County, Oregon",OR,Multnomah County,41,51,502,4,465,770,1250,0.616,
163683,410510005025,"Block Group 5, Census Tract 5.02, Multnomah County, Oregon",OR,Multnomah County,41,51,502,5,285,395,840,0.4702,
163684,410510006011,"Block Group 1, Census Tract 6.01, Multnomah County, Oregon",OR,Multnomah County,41,51,601,1,1115,1520,2200,0.6909,65.7513258691809
163685,410510006012,"Block Group 2, Census Tract 6.01, Multnomah County, Oregon",OR,Multnomah County,41,51,601,2,465,530,1040,0.5096,
163686,410510006013,"Block Group 3, Census Tract 6.01, Multnomah County, Oregon",OR,Multnomah County,41,51,601,3,280,445,665,0.6692,
163687,410510006014,"Block Group 4, Census Tract 6.01, Multnomah County, Oregon",OR,Multnomah County,41,51,601,4,510,785,1745,0.4499,
163688,410510006021,"Block Group 1, Census Tract 6.02, Multnomah County, Oregon",OR,Multnomah County,41,51,602,1,500,790,1150,0.687,65.7513258691809
163689,410510006022,"Block Group 2, Census Tract 6.02, Multnomah County, Oregon",OR,Multnomah County,41,51,602,2,505,1060,2220,0.4775,
163690,410510006023,"Block Group 3, Census Tract 6.02, Multnomah County, Oregon",OR,Multnomah County,41,51,602,3,180,790,1270,0.622,
163691,410510006024,"Block Group 4, Census Tract 6.02, Multnomah County, Oregon",OR,Multnomah County,41,51,602,4,620,920,1280,0.7188,
163692,410510007011,"Block Group 1, Census Tract 7.01, Multnomah County, Oregon",OR,Multnomah County,41,51,701,1,640,755,1300,0.5808,65.7513258691809
163693,410510007012,"Block Group 2, Census Tract 7.01, Multnomah County, Oregon",OR,Multnomah County,41,51,701,2,380,505,1155,0.4372,
163694,410510007013,"Block Group 3, Census Tract 7.01, Multnomah County, Oregon",OR,Multnomah County,41,51,701,3,520,665,1565,0.4249,
163695,410510007014,"Block Group 4, Census Tract 7.01, Multnomah County, Oregon",OR,Multnomah County,41,51,701,4,160,310,790,0.3924,
163696,410510007021,"Block Group 1, Census Tract 7.02, Multnomah County, Oregon",OR,Multnomah County,41,51,702,1,285,685,995,0.6884,65.7513258691809
163697,410510007022,"Block Group 2, Census Tract 7.02, Multnomah County, Oregon",OR,Multnomah County,41,51,702,2,240,420,990,0.4242,
163698,410510007023,"Block Group 3, Census Tract 7.02, Multnomah County, Oregon",OR,Multnomah County,41,51,702,3,410,705,1190,0.5924,
163699,410510007024,"Block Group 4, Census Tract 7.02, Multnomah County, Oregon",OR,Multnomah County,41,51,702,4,405,815,1335,0.6105,
163700,410510008011,"Block Group 1, Census Tract 8.01, Multnomah County, Oregon",OR,Multnomah County,41,51,801,1,180,480,1035,0.4638,65.7513258691809
163701,410510008012,"Block Group 2, Census Tract 8.01, Multnomah County, Oregon",OR,Multnomah County,41,51,801,2,545,685,1230,0.5569,
163702,410510008013,"Block Group 3, Census Tract 8.01, Multnomah County, Oregon",OR,Multnomah County,41,51,801,3,215,330,1060,0.3113,
163703,410510008014,"Block Group 4, Census Tract 8.01, Multnomah County, Oregon",OR,Multnomah County,41,51,801,4,365,455,1100,0.4136,
163704,410510008021,"Block Group 1, Census Tract 8.02, Multnomah County, Oregon",OR,Multnomah County,41,51,802,1,425,545,1045,0.5215,65.7513258691809
163705,410510008022,"Block Group 2, Census Tract 8.02, Multnomah County, Oregon",OR,Multnomah County,41,51,802,2,190,285,760,0.375,
163706,410510008023,"Block Group 3, Census Tract 8.02, Multnomah County, Oregon",OR,Multnomah County,41,51,802,3,330,505,1245,0.4056,
163707,410510008024,"Block Group 4, Census Tract 8.02, Multnomah County, Oregon",OR,Multnomah County,41,51,802,4,665,950,1540,0.6169,
163708,410510009011,"Block Group 1, Census Tract 9.01, Multnomah County, Oregon",OR,Multnomah County,41,51,901,1,360,575,1260,0.4563,65.7513258691809
163709,410510009012,"Block Group 2, Census Tract 9.01, Multnomah County, Oregon",OR,Multnomah County,41,51,901,2,380,550,1030,0.534,
163710,410510009013,"Block Group 3, Census Tract 9.01, Multnomah County, Oregon",OR,Multnomah County,41,51,901,3,190,315,885,0.3559,
163711,410510009014,"Block Group 4, Census Tract 9.01, Multnomah County, Oregon",OR,Multnomah County,41,51,901,4,175,250,905,0.2762,
163712,410510009021,"Block Group 1, Census Tract 9.02, Multnomah County, Oregon",OR,Multnomah County,41,51,902,1,975,1455,1785,0.8151,65.7513258691809
163713,410510009022,"Block Group 2, Census Tract 9.02, Multnomah County, Oregon",OR,Multnomah County,41,51,902,2,430,675,1090,0.6193,
163714,410510009023,"Block Group 3, Census Tract 9.02, Multnomah County, Oregon",OR,Multnomah County,41,51,902,3,1035,1065,1490,0.7148,
163715,410510010001,"Block Group 1, Census Tract 10, Multnomah County, Oregon",OR,Multnomah County,41,51,1000,1,485,685,970,0.7062,65.7513258691809
163716,410510010002,"Block Group 2, Census Tract 10, Multnomah County, Oregon",OR,Multnomah County,41,51,1000,2,435,530,1080,0.4907,
163717,410510010003,"Block Group 3, Census Tract 10, Multnomah County, Oregon",OR,Multnomah County,41,51,1000,3,440,500,1280,0.3906,
163718,410510010004,"Block Group 4, Census Tract 10, Multnomah County, Oregon",OR,Multnomah County,41,51,1000,4,310,400,770,0.5195,
163719,410510010005,"Block Group 5, Census Tract 10, Multnomah County, Oregon",OR,Multnomah County,41,51,1000,5,490,915,1505,0.608,
163720,410510011011,"Block Group 1, Census Tract 11.01, Multnomah County, Oregon",OR,Multnomah County,41,51,1101,1,315,365,435,0.8391,65.7513258691809
163721,410510011012,"Block Group 2, Census Tract 11.01, Multnomah County, Oregon",OR,Multnomah County,41,51,1101,2,750,965,1435,0.6725,
163722,410510011021,"Block Group 1, Census Tract 11.02, Multnomah County, Oregon",OR,Multnomah County,41,51,1102,1,455,600,1590,0.3774,65.7513258691809
163723,410510012011,"Block Group 1, Census Tract 12.01, Multnomah County, Oregon",OR,Multnomah County,41,51,1201,1,560,730,990,0.7374,65.7513258691809
163724,410510012012,"Block Group 2, Census Tract 12.01, Multnomah County, Oregon",OR,Multnomah County,41,51,1201,2,375,700,885,0.791,
163725,410510012013,"Block Group 3, Census Tract 12.01, Multnomah County, Oregon",OR,Multnomah County,41,51,1201,3,415,725,1045,0.6938,
163726,410510012014,"Block Group 4, Census Tract 12.01, Multnomah County, Oregon",OR,Multnomah County,41,51,1201,4,735,1270,2105,0.6033,
163727,410510012021,"Block Group 1, Census Tract 12.02, Multnomah County, Oregon",OR,Multnomah County,41,51,1202,1,180,280,1185,0.2363,65.7513258691809
163728,410510012022,"Block Group 2, Census Tract 12.02, Multnomah County, Oregon",OR,Multnomah County,41,51,1202,2,175,410,1245,0.3293,
163729,410510012023,"Block Group 3, Census Tract 12.02, Multnomah County, Oregon",OR,Multnomah County,41,51,1202,3,200,375,1030,0.3641,
163730,410510013011,"Block Group 1, Census Tract 13.01, Multnomah County, Oregon",OR,Multnomah County,41,51,1301,1,270,435,1205,0.361,65.7513258691809
163731,410510013012,"Block Group 2, Census Tract 13.01, Multnomah County, Oregon",OR,Multnomah County,41,51,1301,2,185,255,565,0.4513,
163732,410510013013,"Block Group 3, Census Tract 13.01, Multnomah County, Oregon",OR,Multnomah County,41,51,1301,3,180,320,965,0.3316,
163733,410510013014,"Block Group 4, Census Tract 13.01, Multnomah County, Oregon",OR,Multnomah County,41,51,1301,4,525,770,1150,0.6696,
163734,410510013021,"Block Group 1, Census Tract 13.02, Multnomah County, Oregon",OR,Multnomah County,41,51,1302,1,170,230,695,0.3309,65.7513258691809
163735,410510013022,"Block Group 2, Census Tract 13.02, Multnomah County, Oregon",OR,Multnomah County,41,51,1302,2,60,165,895,0.1844,
163736,410510013023,"Block Group 3, Census Tract 13.02, Multnomah County, Oregon",OR,Multnomah County,41,51,1302,3,185,290,1465,0.198,
163737,410510014001,"Block Group 1, Census Tract 14, Multnomah County, Oregon",OR,Multnomah County,41,51,1400,1,145,415,1130,0.3673,65.7513258691809
163738,410510014002,"Block Group 2, Census Tract 14, Multnomah County, Oregon",OR,Multnomah County,41,51,1400,2,260,400,1015,0.3941,
163739,410510014003,"Block Group 3, Census Tract 14, Multnomah County, Oregon",OR,Multnomah County,41,51,1400,3,405,555,1455,0.3814,
163740,410510014004,"Block Group 4, Census Tract 14, Multnomah County, Oregon",OR,Multnomah County,41,51,1400,4,205,230,655,0.3511,
163741,410510014005,"Block Group 5, Census Tract 14, Multnomah County, Oregon",OR,Multnomah County,41,51,1400,5,275,405,775,0.5226,
163742,410510015001,"Block Group 1, Census Tract 15, Multnomah County, Oregon",OR,Multnomah County,41,51,1500,1,155,285,1495,0.1906,65.7513258691809
163743,410510015002,"Block Group 2, Census Tract 15, Multnomah County, Oregon",OR,Multnomah County,41,51,1500,2,230,450,1135,0.3965,
163744,410510015003,"Block Group 3, Census Tract 15, Multnomah County, Oregon",OR,Multnomah County,41,51,1500,3,150,165,670,0.2463,
163745,410510016011,"Block Group 1, Census Tract 16.01, Multnomah County, Oregon",OR,Multnomah County,41,51,1601,1,165,205,865,0.237,65.7513258691809
163746,410510016012,"Block Group 2, Census Tract 16.01, Multnomah County, Oregon",OR,Multnomah County,41,51,1601,2,280,325,635,0.5118,
163747,410510016013,"Block Group 3, Census Tract 16.01, Multnomah County, Oregon",OR,Multnomah County,41,51,1601,3,620,935,1295,0.722,
163748,410510016014,"Block Group 4, Census Tract 16.01, Multnomah County, Oregon",OR,Multnomah County,41,51,1601,4,70,370,870,0.4253,
163749,410510016015,"Block Group 5, Census Tract 16.01, Multnomah County, Oregon",OR,Multnomah County,41,51,1601,5,60,100,790,0.1266,
163750,410510016016,"Block Group 6, Census Tract 16.01, Multnomah County, Oregon",OR,Multnomah County,41,51,1601,6,30,375,935,0.4011,
163751,410510016021,"Block Group 1, Census Tract 16.02, Multnomah County, Oregon",OR,Multnomah County,41,51,1602,1,205,375,775,0.4839,65.7513258691809
163752,410510016022,"Block Group 2, Census Tract 16.02, Multnomah County, Oregon",OR,Multnomah County,41,51,1602,2,215,435,930,0.4677,
163753,410510016023,"Block Group 3, Census Tract 16.02, Multnomah County, Oregon",OR,Multnomah County,41,51,1602,3,1020,1110,1535,0.7231,
163754,410510016024,"Block Group 4, Census Tract 16.02, Multnomah County, Oregon",OR,Multnomah County,41,51,1602,4,625,710,1375,0.5164,
163755,410510017011,"Block Group 1, Census Tract 17.01, Multnomah County, Oregon",OR,Multnomah County,41,51,1701,1,205,325,490,0.6633,65.7513258691809
163756,410510017012,"Block Group 2, Census Tract 17.01, Multnomah County, Oregon",OR,Multnomah County,41,51,1701,2,235,530,1325,0.4,
163757,410510017013,"Block Group 3, Census Tract 17.01, Multnomah County, Oregon",OR,Multnomah County,41,51,1701,3,495,495,770,0.6429,
163758,410510017014,"Block Group 4, Census Tract 17.01, Multnomah County, Oregon",OR,Multnomah County,41,51,1701,4,80,320,700,0.4571,
163759,410510017015,"Block Group 5, Census Tract 17.01, Multnomah County, Oregon",OR,Multnomah County,41,51,1701,5,190,280,1010,0.2772,
163760,410510017016,"Block Group 6, Census Tract 17.01, Multnomah County, Oregon",OR,Multnomah County,41,51,1701,6,85,665,950,0.7,
163761,410510017017,"Block Group 7, Census Tract 17.01, Multnomah County, Oregon",OR,Multnomah County,41,51,1701,7,190,540,1320,0.4091,
163762,410510017021,"Block Group 1, Census Tract 17.02, Multnomah County, Oregon",OR,Multnomah County,41,51,1702,1,945,1365,2090,0.6531,65.7513258691809
163763,410510017022,"Block Group 2, Census Tract 17.02, Multnomah County, Oregon",OR,Multnomah County,41,51,1702,2,290,425,980,0.4337,
163764,410510017023,"Block Group 3, Census Tract 17.02, Multnomah County, Oregon",OR,Multnomah County,41,51,1702,3,335,655,1140,0.5746,
163765,410510018011,"Block Group 1, Census Tract 18.01, Multnomah County, Oregon",OR,Multnomah County,41,51,1801,1,485,730,1110,0.6577,65.7513258691809
163766,410510018012,"Block Group 2, Census Tract 18.01, Multnomah County, Oregon",OR,Multnomah County,41,51,1801,2,510,830,1535,0.5407,
163767,410510018013,"Block Group 3, Census Tract 18.01, Multnomah County, Oregon",OR,Multnomah County,41,51,1801,3,345,770,1590,0.4843,
163768,410510018021,"Block Group 1, Census Tract 18.02, Multnomah County, Oregon",OR,Multnomah County,41,51,1802,1,555,970,2210,0.4389,65.7513258691809
163769,410510018022,"Block Group 2, Census Tract 18.02, Multnomah County, Oregon",OR,Multnomah County,41,51,1802,2,355,635,1345,0.4721,
163770,410510019001,"Block Group 1, Census Tract 19, Multnomah County, Oregon",OR,Multnomah County,41,51,1900,1,120,380,1200,0.3167,65.7513258691809
163771,410510019002,"Block Group 2, Census Tract 19, Multnomah County, Oregon",OR,Multnomah County,41,51,1900,2,135,160,1040,0.1538,
163772,410510019003,"Block Group 3, Census Tract 19, Multnomah County, Oregon",OR,Multnomah County,41,51,1900,3,70,220,1180,0.1864,
163773,410510019004,"Block Group 4, Census Tract 19, Multnomah County, Oregon",OR,Multnomah County,41,51,1900,4,90,155,1255,0.1235,
163774,410510020001,"Block Group 1, Census Tract 20, Multnomah County, Oregon",OR,Multnomah County,41,51,2000,1,225,405,660,0.6136,65.7513258691809
163775,410510020002,"Block Group 2, Census Tract 20, Multnomah County, Oregon",OR,Multnomah County,41,51,2000,2,205,295,815,0.362,
163776,410510020003,"Block Group 3, Census Tract 20, Multnomah County, Oregon",OR,Multnomah County,41,51,2000,3,290,615,1160,0.5302,
163777,410510020004,"Block Group 4, Census Tract 20, Multnomah County, Oregon",OR,Multnomah County,41,51,2000,4,460,790,1500,0.5267,
163778,410510020005,"Block Group 5, Census Tract 20, Multnomah County, Oregon",OR,Multnomah County,41,51,2000,5,770,1045,1650,0.6333,
163779,410510021001,"Block Group 1, Census Tract 21, Multnomah County, Oregon",OR,Multnomah County,41,51,2100,1,310,490,800,0.6125,65.7513258691809
163780,410510021002,"Block Group 2, Census Tract 21, Multnomah County, Oregon",OR,Multnomah County,41,51,2100,2,580,655,1170,0.5598,
163781,410510022031,"Block Group 1, Census Tract 22.03, Multnomah County, Oregon",OR,Multnomah County,41,51,2203,1,325,455,635,0.7165,65.7513258691809
163782,410510022032,"Block Group 2, Census Tract 22.03, Multnomah County, Oregon",OR,Multnomah County,41,51,2203,2,165,225,545,0.4128,
163783,410510022033,"Block Group 3, Census Tract 22.03, Multnomah County, Oregon",OR,Multnomah County,41,51,2203,3,235,315,985,0.3198,
163784,410510022034,"Block Group 4, Census Tract 22.03, Multnomah County, Oregon",OR,Multnomah County,41,51,2203,4,600,750,1145,0.655,
163785,410510023031,"Block Group 1, Census Tract 23.03, Multnomah County, Oregon",OR,Multnomah County,41,51,2303,1,410,530,685,0.7737,65.7513258691809
163786,410510023032,"Block Group 2, Census Tract 23.03, Multnomah County, Oregon",OR,Multnomah County,41,51,2303,2,405,655,1285,0.5097,
163787,410510024011,"Block Group 1, Census Tract 24.01, Multnomah County, Oregon",OR,Multnomah County,41,51,2401,1,45,150,1125,0.1333,65.7513258691809
163788,410510024012,"Block Group 2, Census Tract 24.01, Multnomah County, Oregon",OR,Multnomah County,41,51,2401,2,45,160,605,0.2645,
163789,410510024013,"Block Group 3, Census Tract 24.01, Multnomah County, Oregon",OR,Multnomah County,41,51,2401,3,135,405,1125,0.36,
163790,410510024021,"Block Group 1, Census Tract 24.02, Multnomah County, Oregon",OR,Multnomah County,41,51,2402,1,585,700,1010,0.6931,65.7513258691809
163791,410510024022,"Block Group 2, Census Tract 24.02, Multnomah County, Oregon",OR,Multnomah County,41,51,2402,2,325,430,1165,0.3691,
163792,410510024023,"Block Group 3, Census Tract 24.02, Multnomah County, Oregon",OR,Multnomah County,41,51,2402,3,380,700,1380,0.5072,
163793,410510025011,"Block Group 1, Census Tract 25.01, Multnomah County, Oregon",OR,Multnomah County,41,51,2501,1,60,130,740,0.1757,65.7513258691809
163794,410510025012,"Block Group 2, Census Tract 25.01, Multnomah County, Oregon",OR,Multnomah County,41,51,2501,2,25,45,810,0.0556,
163795,410510025013,"Block Group 3, Census Tract 25.01, Multnomah County, Oregon",OR,Multnomah County,41,51,2501,3,80,145,1100,0.1318,
163796,410510025014,"Block Group 4, Census Tract 25.01, Multnomah County, Oregon",OR,Multnomah County,41,51,2501,4,25,105,610,0.1721,
163797,410510025015,"Block Group 5, Census Tract 25.01, Multnomah County, Oregon",OR,Multnomah County,41,51,2501,5,45,65,735,0.0884,
163798,410510025016,"Block Group 6, Census Tract 25.01, Multnomah County, Oregon",OR,Multnomah County,41,51,2501,6,40,80,630,0.127,
163799,410510025021,"Block Group 1, Census Tract 25.02, Multnomah County, Oregon",OR,Multnomah County,41,51,2502,1,70,105,910,0.1154,65.7513258691809
163800,410510025022,"Block Group 2, Census Tract 25.02, Multnomah County, Oregon",OR,Multnomah County,41,51,2502,2,340,475,885,0.5367,
163801,410510025023,"Block Group 3, Census Tract 25.02, Multnomah County, Oregon",OR,Multnomah County,41,51,2502,3,455,785,1305,0.6015,
163802,410510025024,"Block Group 4, Census Tract 25.02, Multnomah County, Oregon",OR,Multnomah County,41,51,2502,4,225,380,1100,0.3455,
163803,410510026001,"Block Group 1, Census Tract 26, Multnomah County, Oregon",OR,Multnomah County,41,51,2600,1,125,200,1100,0.1818,65.7513258691809
163804,410510026002,"Block Group 2, Census Tract 26, Multnomah County, Oregon",OR,Multnomah County,41,51,2600,2,105,165,1150,0.1435,
163805,410510026003,"Block Group 3, Census Tract 26, Multnomah County, Oregon",OR,Multnomah County,41,51,2600,3,125,190,765,0.2484,
163806,410510027011,"Block Group 1, Census Tract 27.01, Multnomah County, Oregon",OR,Multnomah County,41,51,2701,1,330,430,985,0.4365,65.7513258691809
163807,410510027012,"Block Group 2, Census Tract 27.01, Multnomah County, Oregon",OR,Multnomah County,41,51,2701,2,145,300,1530,0.1961,
163808,410510027013,"Block Group 3, Census Tract 27.01, Multnomah County, Oregon",OR,Multnomah County,41,51,2701,3,165,165,840,0.1964,
163809,410510027021,"Block Group 1, Census Tract 27.02, Multnomah County, Oregon",OR,Multnomah County,41,51,2702,1,210,455,1255,0.3625,65.7513258691809
163810,410510027022,"Block Group 2, Census Tract 27.02, Multnomah County, Oregon",OR,Multnomah County,41,51,2702,2,470,705,1680,0.4196,
163811,410510028011,"Block Group 1, Census Tract 28.01, Multnomah County, Oregon",OR,Multnomah County,41,51,2801,1,250,425,1805,0.2355,65.7513258691809
163812,410510028012,"Block Group 2, Census Tract 28.01, Multnomah County, Oregon",OR,Multnomah County,41,51,2801,2,175,280,1225,0.2286,
163813,410510028021,"Block Group 1, Census Tract 28.02, Multnomah County, Oregon",OR,Multnomah County,41,51,2802,1,100,190,940,0.2021,65.7513258691809
163814,410510028022,"Block Group 2, Census Tract 28.02, Multnomah County, Oregon",OR,Multnomah County,41,51,2802,2,55,140,920,0.1522,
163815,410510028023,"Block Group 3, Census Tract 28.02, Multnomah County, Oregon",OR,Multnomah County,41,51,2802,3,315,575,1145,0.5022,
163816,410510029011,"Block Group 1, Census Tract 29.01, Multnomah County, Oregon",OR,Multnomah County,41,51,2901,1,75,410,925,0.4432,65.7513258691809
163817,410510029012,"Block Group 2, Census Tract 29.01, Multnomah County, Oregon",OR,Multnomah County,41,51,2901,2,40,140,770,0.1818,
163818,410510029013,"Block Group 3, Census Tract 29.01, Multnomah County, Oregon",OR,Multnomah County,41,51,2901,3,190,395,1010,0.3911,
163819,410510029014,"Block Group 4, Census Tract 29.01, Multnomah County, Oregon",OR,Multnomah County,41,51,2901,4,450,840,1745,0.4814,
163820,410510029021,"Block Group 1, Census Tract 29.02, Multnomah County, Oregon",OR,Multnomah County,41,51,2902,1,150,185,850,0.2176,65.7513258691809
163821,410510029022,"Block Group 2, Census Tract 29.02, Multnomah County, Oregon",OR,Multnomah County,41,51,2902,2,325,370,635,0.5827,
163822,410510029023,"Block Group 3, Census Tract 29.02, Multnomah County, Oregon",OR,Multnomah County,41,51,2902,3,425,500,1090,0.4587,
163823,410510029024,"Block Group 4, Census Tract 29.02, Multnomah County, Oregon",OR,Multnomah County,41,51,2902,4,365,850,1355,0.6273,
163824,410510029025,"Block Group 5, Census Tract 29.02, Multnomah County, Oregon",OR,Multnomah County,41,51,2902,5,100,195,1335,0.1461,
163825,410510029031,"Block Group 1, Census Tract 29.03, Multnomah County, Oregon",OR,Multnomah County,41,51,2903,1,345,575,1330,0.4323,65.7513258691809
163826,410510029032,"Block Group 2, Census Tract 29.03, Multnomah County, Oregon",OR,Multnomah County,41,51,2903,2,140,310,895,0.3464,
163827,410510029033,"Block Group 3, Census Tract 29.03, Multnomah County, Oregon",OR,Multnomah County,41,51,2903,3,485,640,1395,0.4588,
163828,410510029034,"Block Group 4, Census Tract 29.03, Multnomah County, Oregon",OR,Multnomah County,41,51,2903,4,685,950,1475,0.6441,
163829,410510030001,"Block Group 1, Census Tract 30, Multnomah County, Oregon",OR,Multnomah County,41,51,3000,1,170,260,1090,0.2385,65.7513258691809
163830,410510030002,"Block Group 2, Census Tract 30, Multnomah County, Oregon",OR,Multnomah County,41,51,3000,2,375,435,1500,0.29,
163831,410510030003,"Block Group 3, Census Tract 30, Multnomah County, Oregon",OR,Multnomah County,41,51,3000,3,135,250,1080,0.2315,
163832,410510030004,"Block Group 4, Census Tract 30, Multnomah County, Oregon",OR,Multnomah County,41,51,3000,4,55,105,905,0.116,
163833,410510031001,"Block Group 1, Census Tract 31, Multnomah County, Oregon",OR,Multnomah County,41,51,3100,1,405,480,1315,0.365,65.7513258691809
163834,410510031002,"Block Group 2, Census Tract 31, Multnomah County, Oregon",OR,Multnomah County,41,51,3100,2,355,705,1535,0.4593,
163835,410510031003,"Block Group 3, Census Tract 31, Multnomah County, Oregon",OR,Multnomah County,41,51,3100,3,130,155,1025,0.1512,
163836,410510031004,"Block Group 4, Census Tract 31, Multnomah County, Oregon",OR,Multnomah County,41,51,3100,4,25,65,970,0.067,
163837,410510032001,"Block Group 1, Census Tract 32, Multnomah County, Oregon",OR,Multnomah County,41,51,3200,1,220,265,775,0.3419,65.7513258691809
163838,410510032002,"Block Group 2, Census Tract 32, Multnomah County, Oregon",OR,Multnomah County,41,51,3200,2,430,535,1230,0.435,
163839,410510032003,"Block Group 3, Census Tract 32, Multnomah County, Oregon",OR,Multnomah County,41,51,3200,3,85,200,745,0.2685,
163840,410510032004,"Block Group 4, Census Tract 32, Multnomah County, Oregon",OR,Multnomah County,41,51,3200,4,125,275,1170,0.235,
163841,410510033011,"Block Group 1, Census Tract 33.01, Multnomah County, Oregon",OR,Multnomah County,41,51,3301,1,260,425,950,0.4474,65.7513258691809
163842,410510033012,"Block Group 2, Census Tract 33.01, Multnomah County, Oregon",OR,Multnomah County,41,51,3301,2,505,630,1265,0.498,
163843,410510033013,"Block Group 3, Census Tract 33.01, Multnomah County, Oregon",OR,Multnomah County,41,51,3301,3,355,615,1010,0.6089,
163844,410510033021,"Block Group 1, Census Tract 33.02, Multnomah County, Oregon",OR,Multnomah County,41,51,3302,1,450,585,1295,0.4517,65.7513258691809
163845,410510033022,"Block Group 2, Census Tract 33.02, Multnomah County, Oregon",OR,Multnomah County,41,51,3302,2,585,985,1670,0.5898,
163846,410510034011,"Block Group 1, Census Tract 34.01, Multnomah County, Oregon",OR,Multnomah County,41,51,3401,1,325,455,855,0.5322,65.7513258691809
163847,410510034012,"Block Group 2, Census Tract 34.01, Multnomah County, Oregon",OR,Multnomah County,41,51,3401,2,215,250,795,0.3145,
163848,410510034013,"Block Group 3, Census Tract 34.01, Multnomah County, Oregon",OR,Multnomah County,41,51,3401,3,30,60,490,0.1224,
163849,410510034014,"Block Group 4, Census Tract 34.01, Multnomah County, Oregon",OR,Multnomah County,41,51,3401,4,740,985,1210,0.814,
163850,410510034021,"Block Group 1, Census Tract 34.02, Multnomah County, Oregon",OR,Multnomah County,41,51,3402,1,400,700,1355,0.5166,65.7513258691809
163851,410510034022,"Block Group 2, Census Tract 34.02, Multnomah County, Oregon",OR,Multnomah County,41,51,3402,2,335,620,860,0.7209,
163852,410510034023,"Block Group 3, Census Tract 34.02, Multnomah County, Oregon",OR,Multnomah County,41,51,3402,3,670,1015,1630,0.6227,
163853,410510035011,"Block Group 1, Census Tract 35.01, Multnomah County, Oregon",OR,Multnomah County,41,51,3501,1,260,365,685,0.5328,65.7513258691809
163854,410510035012,"Block Group 2, Census Tract 35.01, Multnomah County, Oregon",OR,Multnomah County,41,51,3501,2,200,355,1230,0.2886,
163855,410510035013,"Block Group 3, Census Tract 35.01, Multnomah County, Oregon",OR,Multnomah County,41,51,3501,3,270,330,780,0.4231,
163856,410510035014,"Block Group 4, Census Tract 35.01, Multnomah County, Oregon",OR,Multnomah County,41,51,3501,4,320,470,810,0.5802,
163857,410510035021,"Block Group 1, Census Tract 35.02, Multnomah County, Oregon",OR,Multnomah County,41,51,3502,1,310,495,830,0.5964,65.7513258691809
163858,410510035022,"Block Group 2, Census Tract 35.02, Multnomah County, Oregon",OR,Multnomah County,41,51,3502,2,120,325,1325,0.2453,
163859,410510036011,"Block Group 1, Census Tract 36.01, Multnomah County, Oregon",OR,Multnomah County,41,51,3601,1,235,390,785,0.4968,65.7513258691809
163860,410510036012,"Block Group 2, Census Tract 36.01, Multnomah County, Oregon",OR,Multnomah County,41,51,3601,2,395,820,1605,0.5109,
163861,410510036013,"Block Group 3, Census Tract 36.01, Multnomah County, Oregon",OR,Multnomah County,41,51,3601,3,200,515,1215,0.4239,
163862,410510036014,"Block Group 4, Census Tract 36.01, Multnomah County, Oregon",OR,Multnomah County,41,51,3601,4,200,385,1080,0.3565,
163863,410510036021,"Block Group 1, Census Tract 36.02, Multnomah County, Oregon",OR,Multnomah County,41,51,3602,1,145,335,1405,0.2384,65.7513258691809
163864,410510036022,"Block Group 2, Census Tract 36.02, Multnomah County, Oregon",OR,Multnomah County,41,51,3602,2,185,270,1085,0.2488,
163865,410510036023,"Block Group 3, Census Tract 36.02, Multnomah County, Oregon",OR,Multnomah County,41,51,3602,3,265,1010,1930,0.5233,
163866,410510036024,"Block Group 4, Census Tract 36.02, Multnomah County, Oregon",OR,Multnomah County,41,51,3602,4,645,910,1605,0.567,
163867,410510036031,"Block Group 1, Census Tract 36.03, Multnomah County, Oregon",OR,Multnomah County,41,51,3603,1,125,180,530,0.3396,65.7513258691809
163868,410510036032,"Block Group 2, Census Tract 36.03, Multnomah County, Oregon",OR,Multnomah County,41,51,3603,2,230,440,975,0.4513,
163869,410510037011,"Block Group 1, Census Tract 37.01, Multnomah County, Oregon",OR,Multnomah County,41,51,3701,1,270,380,955,0.3979,65.7513258691809
163870,410510037012,"Block Group 2, Census Tract 37.01, Multnomah County, Oregon",OR,Multnomah County,41,51,3701,2,460,590,1040,0.5673,
163871,410510037013,"Block Group 3, Census Tract 37.01, Multnomah County, Oregon",OR,Multnomah County,41,51,3701,3,305,475,1010,0.4703,
163872,410510037014,"Block Group 4, Census Tract 37.01, Multnomah County, Oregon",OR,Multnomah County,41,51,3701,4,300,515,910,0.5659,
163873,410510037021,"Block Group 1, Census Tract 37.02, Multnomah County, Oregon",OR,Multnomah County,41,51,3702,1,140,240,775,0.3097,65.7513258691809
163874,410510037022,"Block Group 2, Census Tract 37.02, Multnomah County, Oregon",OR,Multnomah County,41,51,3702,2,155,275,625,0.44,
163875,410510037023,"Block Group 3, Census Tract 37.02, Multnomah County, Oregon",OR,Multnomah County,41,51,3702,3,495,635,1325,0.4792,
163876,410510038011,"Block Group 1, Census Tract 38.01, Multnomah County, Oregon",OR,Multnomah County,41,51,3801,1,395,680,970,0.701,65.7513258691809
163877,410510038012,"Block Group 2, Census Tract 38.01, Multnomah County, Oregon",OR,Multnomah County,41,51,3801,2,385,455,840,0.5417,
163878,410510038013,"Block Group 3, Census Tract 38.01, Multnomah County, Oregon",OR,Multnomah County,41,51,3801,3,370,490,1125,0.4356,
163879,410510038021,"Block Group 1, Census Tract 38.02, Multnomah County, Oregon",OR,Multnomah County,41,51,3802,1,595,670,1505,0.4452,65.7513258691809
163880,410510038022,"Block Group 2, Census Tract 38.02, Multnomah County, Oregon",OR,Multnomah County,41,51,3802,2,315,480,840,0.5714,
163881,410510038023,"Block Group 3, Census Tract 38.02, Multnomah County, Oregon",OR,Multnomah County,41,51,3802,3,325,545,1090,0.5,
163882,410510038031,"Block Group 1, Census Tract 38.03, Multnomah County, Oregon",OR,Multnomah County,41,51,3803,1,370,660,1450,0.4552,65.7513258691809
163883,410510038032,"Block Group 2, Census Tract 38.03, Multnomah County, Oregon",OR,Multnomah County,41,51,3803,2,470,605,1050,0.5762,
163884,410510038033,"Block Group 3, Census Tract 38.03, Multnomah County, Oregon",OR,Multnomah County,41,51,3803,3,540,730,1685,0.4332,
163885,410510039011,"Block Group 1, Census Tract 39.01, Multnomah County, Oregon",OR,Multnomah County,41,51,3901,1,505,695,1450,0.4793,65.7513258691809
163886,410510039012,"Block Group 2, Census Tract 39.01, Multnomah County, Oregon",OR,Multnomah County,41,51,3901,2,340,515,880,0.5852,
163887,410510039013,"Block Group 3, Census Tract 39.01, Multnomah County, Oregon",OR,Multnomah County,41,51,3901,3,245,545,1375,0.3964,
163888,410510039014,"Block Group 4, Census Tract 39.01, Multnomah County, Oregon",OR,Multnomah County,41,51,3901,4,250,450,1405,0.3203,
163889,410510039015,"Block Group 5, Census Tract 39.01, Multnomah County, Oregon",OR,Multnomah County,41,51,3901,5,945,1590,2520,0.631,
163890,410510039021,"Block Group 1, Census Tract 39.02, Multnomah County, Oregon",OR,Multnomah County,41,51,3902,1,65,320,735,0.4354,65.7513258691809
163891,410510039022,"Block Group 2, Census Tract 39.02, Multnomah County, Oregon",OR,Multnomah County,41,51,3902,2,190,345,810,0.4259,
163892,410510039023,"Block Group 3, Census Tract 39.02, Multnomah County, Oregon",OR,Multnomah County,41,51,3902,3,170,395,825,0.4788,
163893,410510039024,"Block Group 4, Census Tract 39.02, Multnomah County, Oregon",OR,Multnomah County,41,51,3902,4,100,205,840,0.244,
163894,410510040011,"Block Group 1, Census Tract 40.01, Multnomah County, Oregon",OR,Multnomah County,41,51,4001,1,2570,3215,3750,0.8573,65.7513258691809
163895,410510040012,"Block Group 2, Census Tract 40.01, Multnomah County, Oregon",OR,Multnomah County,41,51,4001,2,185,310,1000,0.31,
163896,410510040013,"Block Group 3, Census Tract 40.01, Multnomah County, Oregon",OR,Multnomah County,41,51,4001,3,1075,1145,1530,0.7484,
163897,410510040014,"Block Group 4, Census Tract 40.01, Multnomah County, Oregon",OR,Multnomah County,41,51,4001,4,710,1115,2150,0.5186,
163898,410510040021,"Block Group 1, Census Tract 40.02, Multnomah County, Oregon",OR,Multnomah County,41,51,4002,1,380,485,1105,0.4389,65.7513258691809
163899,410510040022,"Block Group 2, Census Tract 40.02, Multnomah County, Oregon",OR,Multnomah County,41,51,4002,2,315,420,980,0.4286,
163900,410510040023,"Block Group 3, Census Tract 40.02, Multnomah County, Oregon",OR,Multnomah County,41,51,4002,3,530,700,1375,0.5091,
163901,410510040024,"Block Group 4, Census Tract 40.02, Multnomah County, Oregon",OR,Multnomah County,41,51,4002,4,575,655,1065,0.615,
163902,410510041011,"Block Group 1, Census Tract 41.01, Multnomah County, Oregon",OR,Multnomah County,41,51,4101,1,465,780,1070,0.729,65.7513258691809
163903,410510041012,"Block Group 2, Census Tract 41.01, Multnomah County, Oregon",OR,Multnomah County,41,51,4101,2,230,670,1500,0.4467,
163904,410510041013,"Block Group 3, Census Tract 41.01, Multnomah County, Oregon",OR,Multnomah County,41,51,4101,3,1045,1815,2890,0.628,
163905,410510041014,"Block Group 4, Census Tract 41.01, Multnomah County, Oregon",OR,Multnomah County,41,51,4101,4,415,470,1145,0.4105,
163906,410510041021,"Block Group 1, Census Tract 41.02, Multnomah County, Oregon",OR,Multnomah County,41,51,4102,1,1045,1400,2005,0.6983,65.7513258691809
163907,410510041022,"Block Group 2, Census Tract 41.02, Multnomah County, Oregon",OR,Multnomah County,41,51,4102,2,250,380,1045,0.3636,
163908,410510041023,"Block Group 3, Census Tract 41.02, Multnomah County, Oregon",OR,Multnomah County,41,51,4102,3,390,460,1095,0.4201,
163909,410510041024,"Block Group 4, Census Tract 41.02, Multnomah County, Oregon",OR,Multnomah County,41,51,4102,4,375,715,1300,0.55,
163910,410510042001,"Block Group 1, Census Tract 42, Multnomah County, Oregon",OR,Multnomah County,41,51,4200,1,525,980,1645,0.5957,65.7513258691809
163911,410510042002,"Block Group 2, Census Tract 42, Multnomah County, Oregon",OR,Multnomah County,41,51,4200,2,650,870,1700,0.5118,
163912,410510043001,"Block Group 1, Census Tract 43, Multnomah County, Oregon",OR,Multnomah County,41,51,4300,1,125,185,1060,0.1745,65.7513258691809
163913,410510045001,"Block Group 1, Census Tract 45, Multnomah County, Oregon",OR,Multnomah County,41,51,4500,1,495,720,2190,0.3288,65.7513258691809
163914,410510046011,"Block Group 1, Census Tract 46.01, Multnomah County, Oregon",OR,Multnomah County,41,51,4601,1,125,290,1815,0.1598,65.7513258691809
163915,410510046012,"Block Group 2, Census Tract 46.01, Multnomah County, Oregon",OR,Multnomah County,41,51,4601,2,130,220,1320,0.1667,
163916,410510046021,"Block Group 1, Census Tract 46.02, Multnomah County, Oregon",OR,Multnomah County,41,51,4602,1,180,245,1010,0.2426,65.7513258691809
163917,410510046022,"Block Group 2, Census Tract 46.02, Multnomah County, Oregon",OR,Multnomah County,41,51,4602,2,55,95,965,0.0984,
163918,410510047001,"Block Group 1, Census Tract 47, Multnomah County, Oregon",OR,Multnomah County,41,51,4700,1,95,305,1440,0.2118,65.7513258691809
163919,410510047002,"Block Group 2, Census Tract 47, Multnomah County, Oregon",OR,Multnomah County,41,51,4700,2,390,710,1895,0.3747,
163920,410510047003,"Block Group 3, Census Tract 47, Multnomah County, Oregon",OR,Multnomah County,41,51,4700,3,375,765,1280,0.5977,
163921,410510048001,"Block Group 1, Census Tract 48, Multnomah County, Oregon",OR,Multnomah County,41,51,4800,1,470,610,1430,0.4266,65.7513258691809
163922,410510048002,"Block Group 2, Census Tract 48, Multnomah County, Oregon",OR,Multnomah County,41,51,4800,2,445,685,1090,0.6284,
163923,410510048003,"Block Group 3, Census Tract 48, Multnomah County, Oregon",OR,Multnomah County,41,51,4800,3,140,185,630,0.2937,
163924,410510049001,"Block Group 1, Census Tract 49, Multnomah County, Oregon",OR,Multnomah County,41,51,4900,1,490,710,1210,0.5868,65.7513258691809
163925,410510049002,"Block Group 2, Census Tract 49, Multnomah County, Oregon",OR,Multnomah County,41,51,4900,2,620,825,1080,0.7639,
163926,410510049003,"Block Group 3, Census Tract 49, Multnomah County, Oregon",OR,Multnomah County,41,51,4900,3,495,640,1100,0.5818,
163927,410510050001,"Block Group 1, Census Tract 50, Multnomah County, Oregon",OR,Multnomah County,41,51,5000,1,510,735,2910,0.2526,65.7513258691809
163928,410510051001,"Block Group 1, Census Tract 51, Multnomah County, Oregon",OR,Multnomah County,41,51,5100,1,860,1245,3340,0.3728,65.7513258691809
163929,410510051002,"Block Group 2, Census Tract 51, Multnomah County, Oregon",OR,Multnomah County,41,51,5100,2,1180,1380,2240,0.6161,
163930,410510051003,"Block Group 3, Census Tract 51, Multnomah County, Oregon",OR,Multnomah County,41,51,5100,3,450,565,1190,0.4748,
163931,410510052001,"Block Group 1, Census Tract 52, Multnomah County, Oregon",OR,Multnomah County,41,51,5200,1,420,450,775,0.5806,65.7513258691809
163932,410510052002,"Block Group 2, Census Tract 52, Multnomah County, Oregon",OR,Multnomah County,41,51,5200,2,345,545,670,0.8134,
163933,410510052003,"Block Group 3, Census Tract 52, Multnomah County, Oregon",OR,Multnomah County,41,51,5200,3,390,650,1100,0.5909,
163934,410510052004,"Block Group 4, Census Tract 52, Multnomah County, Oregon",OR,Multnomah County,41,51,5200,4,435,620,1730,0.3584,
163935,410510055001,"Block Group 1, Census Tract 55, Multnomah County, Oregon",OR,Multnomah County,41,51,5500,1,735,880,1485,0.5926,65.7513258691809
163936,410510055002,"Block Group 2, Census Tract 55, Multnomah County, Oregon",OR,Multnomah County,41,51,5500,2,1020,1175,1400,0.8393,
163937,410510056001,"Block Group 1, Census Tract 56, Multnomah County, Oregon",OR,Multnomah County,41,51,5600,1,665,960,1370,0.7007,65.7513258691809
163938,410510056002,"Block Group 2, Census Tract 56, Multnomah County, Oregon",OR,Multnomah County,41,51,5600,2,340,405,470,0.8617,
163939,410510056003,"Block Group 3, Census Tract 56, Multnomah County, Oregon",OR,Multnomah County,41,51,5600,3,1005,1105,1160,0.9526,
163940,410510056004,"Block Group 4, Census Tract 56, Multnomah County, Oregon",OR,Multnomah County,41,51,5600,4,200,290,795,0.3648,
163941,410510057001,"Block Group 1, Census Tract 57, Multnomah County, Oregon",OR,Multnomah County,41,51,5700,1,180,385,890,0.4326,65.7513258691809
163942,410510057002,"Block Group 2, Census Tract 57, Multnomah County, Oregon",OR,Multnomah County,41,51,5700,2,960,1255,2220,0.5653,
163943,410510057003,"Block Group 3, Census Tract 57, Multnomah County, Oregon",OR,Multnomah County,41,51,5700,3,155,235,740,0.3176,
163944,410510058001,"Block Group 1, Census Tract 58, Multnomah County, Oregon",OR,Multnomah County,41,51,5800,1,420,525,1025,0.5122,65.7513258691809
163945,410510058002,"Block Group 2, Census Tract 58, Multnomah County, Oregon",OR,Multnomah County,41,51,5800,2,290,510,1445,0.3529,
163946,410510058003,"Block Group 3, Census Tract 58, Multnomah County, Oregon",OR,Multnomah County,41,51,5800,3,115,250,540,0.463,
163947,410510058004,"Block Group 4, Census Tract 58, Multnomah County, Oregon",OR,Multnomah County,41,51,5800,4,100,180,1545,0.1165,
163948,410510058005,"Block Group 5, Census Tract 58, Multnomah County, Oregon",OR,Multnomah County,41,51,5800,5,65,175,885,0.1977,
163949,410510059001,"Block Group 1, Census Tract 59, Multnomah County, Oregon",OR,Multnomah County,41,51,5900,1,655,950,3205,0.2964,65.7513258691809
163950,410510059002,"Block Group 2, Census Tract 59, Multnomah County, Oregon",OR,Multnomah County,41,51,5900,2,265,400,1015,0.3941,
163951,410510059003,"Block Group 3, Census Tract 59, Multnomah County, Oregon",OR,Multnomah County,41,51,5900,3,75,305,1170,0.2607,
163952,410510059004,"Block Group 4, Census Tract 59, Multnomah County, Oregon",OR,Multnomah County,41,51,5900,4,620,850,1670,0.509,
163953,410510060011,"Block Group 1, Census Tract 60.01, Multnomah County, Oregon",OR,Multnomah County,41,51,6001,1,145,265,780,0.3397,65.7513258691809
163954,410510060012,"Block Group 2, Census Tract 60.01, Multnomah County, Oregon",OR,Multnomah County,41,51,6001,2,80,110,640,0.1719,
163955,410510060021,"Block Group 1, Census Tract 60.02, Multnomah County, Oregon",OR,Multnomah County,41,51,6002,1,395,575,2240,0.2567,65.7513258691809
163956,410510061001,"Block Group 1, Census Tract 61, Multnomah County, Oregon",OR,Multnomah County,41,51,6100,1,95,165,1210,0.1364,65.7513258691809
163957,410510061002,"Block Group 2, Census Tract 61, Multnomah County, Oregon",OR,Multnomah County,41,51,6100,2,205,325,1025,0.3171,
163958,410510062001,"Block Group 1, Census Tract 62, Multnomah County, Oregon",OR,Multnomah County,41,51,6200,1,85,110,845,0.1302,65.7513258691809
163959,410510062002,"Block Group 2, Census Tract 62, Multnomah County, Oregon",OR,Multnomah County,41,51,6200,2,125,205,900,0.2278,
163960,410510062003,"Block Group 3, Census Tract 62, Multnomah County, Oregon",OR,Multnomah County,41,51,6200,3,320,570,1265,0.4506,
163961,410510063001,"Block Group 1, Census Tract 63, Multnomah County, Oregon",OR,Multnomah County,41,51,6300,1,180,345,1305,0.2644,65.7513258691809
163962,410510063002,"Block Group 2, Census Tract 63, Multnomah County, Oregon",OR,Multnomah County,41,51,6300,2,35,155,1245,0.1245,
163963,410510063003,"Block Group 3, Census Tract 63, Multnomah County, Oregon",OR,Multnomah County,41,51,6300,3,380,540,1315,0.4106,
163964,410510064021,"Block Group 1, Census Tract 64.02, Multnomah County, Oregon",OR,Multnomah County,41,51,6402,1,155,310,3070,0.101,65.7513258691809
163965,410510064022,"Block Group 2, Census Tract 64.02, Multnomah County, Oregon",OR,Multnomah County,41,51,6402,2,95,195,2775,0.0703,
163966,410510064031,"Block Group 1, Census Tract 64.03, Multnomah County, Oregon",OR,Multnomah County,41,51,6403,1,100,155,800,0.1938,65.7513258691809
163967,410510064032,"Block Group 2, Census Tract 64.03, Multnomah County, Oregon",OR,Multnomah County,41,51,6403,2,750,1160,2445,0.4744,
163968,410510064033,"Block Group 3, Census Tract 64.03, Multnomah County, Oregon",OR,Multnomah County,41,51,6403,3,385,530,1010,0.5248,
163969,410510064041,"Block Group 1, Census Tract 64.04, Multnomah County, Oregon",OR,Multnomah County,41,51,6404,1,155,275,1585,0.1735,65.7513258691809
163970,410510064042,"Block Group 2, Census Tract 64.04, Multnomah County, Oregon",OR,Multnomah County,41,51,6404,2,355,605,1755,0.3447,
163971,410510065011,"Block Group 1, Census Tract 65.01, Multnomah County, Oregon",OR,Multnomah County,41,51,6501,1,185,340,1940,0.1753,65.7513258691809
163972,410510065012,"Block Group 2, Census Tract 65.01, Multnomah County, Oregon",OR,Multnomah County,41,51,6501,2,485,710,2105,0.3373,
163973,410510065013,"Block Group 3, Census Tract 65.01, Multnomah County, Oregon",OR,Multnomah County,41,51,6501,3,400,465,2035,0.2285,
163974,410510065021,"Block Group 1, Census Tract 65.02, Multnomah County, Oregon",OR,Multnomah County,41,51,6502,1,590,1345,2810,0.4786,65.7513258691809
163975,410510065022,"Block Group 2, Census Tract 65.02, Multnomah County, Oregon",OR,Multnomah County,41,51,6502,2,330,935,1650,0.5667,
163976,410510066011,"Block Group 1, Census Tract 66.01, Multnomah County, Oregon",OR,Multnomah County,41,51,6601,1,195,290,1445,0.2007,65.7513258691809
163977,410510066012,"Block Group 2, Census Tract 66.01, Multnomah County, Oregon",OR,Multnomah County,41,51,6601,2,110,130,1140,0.114,
163978,410510066021,"Block Group 1, Census Tract 66.02, Multnomah County, Oregon",OR,Multnomah County,41,51,6602,1,300,435,995,0.4372,65.7513258691809
163979,410510066022,"Block Group 2, Census Tract 66.02, Multnomah County, Oregon",OR,Multnomah County,41,51,6602,2,670,1360,2495,0.5451,
163980,410510066023,"Block Group 3, Census Tract 66.02, Multnomah County, Oregon",OR,Multnomah County,41,51,6602,3,640,705,1965,0.3588,
163981,410510067011,"Block Group 1, Census Tract 67.01, Multnomah County, Oregon",OR,Multnomah County,41,51,6701,1,140,195,1875,0.104,65.7513258691809
163982,410510067012,"Block Group 2, Census Tract 67.01, Multnomah County, Oregon",OR,Multnomah County,41,51,6701,2,225,560,1350,0.4148,
163983,410510067021,"Block Group 1, Census Tract 67.02, Multnomah County, Oregon",OR,Multnomah County,41,51,6702,1,845,1150,2200,0.5227,65.7513258691809
163984,410510067022,"Block Group 2, Census Tract 67.02, Multnomah County, Oregon",OR,Multnomah County,41,51,6702,2,60,95,1060,0.0896,
163985,410510068011,"Block Group 1, Census Tract 68.01, Multnomah County, Oregon",OR,Multnomah County,41,51,6801,1,430,755,2490,0.3032,65.7513258691809
163986,410510068021,"Block Group 1, Census Tract 68.02, Multnomah County, Oregon",OR,Multnomah County,41,51,6802,1,170,240,1645,0.1459,65.7513258691809
163987,410510068022,"Block Group 2, Census Tract 68.02, Multnomah County, Oregon",OR,Multnomah County,41,51,6802,2,495,735,1815,0.405,
163988,410510069001,"Block Group 1, Census Tract 69, Multnomah County, Oregon",OR,Multnomah County,41,51,6900,1,175,275,1505,0.1827,65.7513258691809
163989,410510069002,"Block Group 2, Census Tract 69, Multnomah County, Oregon",OR,Multnomah County,41,51,6900,2,40,125,1160,0.1078,
163990,410510070001,"Block Group 1, Census Tract 70, Multnomah County, Oregon",OR,Multnomah County,41,51,7000,1,85,85,1195,0.0711,65.7513258691809
163991,410510070002,"Block Group 2, Census Tract 70, Multnomah County, Oregon",OR,Multnomah County,41,51,7000,2,65,160,2325,0.0688,
163992,410510070003,"Block Group 3, Census Tract 70, Multnomah County, Oregon",OR,Multnomah County,41,51,7000,3,115,115,825,0.1394,
163993,410510070004,"Block Group 4, Census Tract 70, Multnomah County, Oregon",OR,Multnomah County,41,51,7000,4,420,600,3885,0.1544,
163994,410510071001,"Block Group 1, Census Tract 71, Multnomah County, Oregon",OR,Multnomah County,41,51,7100,1,245,395,1555,0.254,65.7513258691809
163995,410510071002,"Block Group 2, Census Tract 71, Multnomah County, Oregon",OR,Multnomah County,41,51,7100,2,45,180,765,0.2353,
163996,410510072011,"Block Group 1, Census Tract 72.01, Multnomah County, Oregon",OR,Multnomah County,41,51,7201,1,410,695,1100,0.6318,65.7513258691809
163997,410510072012,"Block Group 2, Census Tract 72.01, Multnomah County, Oregon",OR,Multnomah County,41,51,7201,2,165,280,805,0.3478,
163998,410510072021,"Block Group 1, Census Tract 72.02, Multnomah County, Oregon",OR,Multnomah County,41,51,7202,1,930,1695,3225,0.5256,65.7513258691809
163999,410510073001,"Block Group 1, Census Tract 73, Multnomah County, Oregon",OR,Multnomah County,41,51,7300,1,290,380,515,0.7379,65.7513258691809
164000,410510074001,"Block Group 1, Census Tract 74, Multnomah County, Oregon",OR,Multnomah County,41,51,7400,1,915,1020,1285,0.7938,65.7513258691809
164001,410510074002,"Block Group 2, Census Tract 74, Multnomah County, Oregon",OR,Multnomah County,41,51,7400,2,1370,1705,2690,0.6338,
164002,410510075001,"Block Group 1, Census Tract 75, Multnomah County, Oregon",OR,Multnomah County,41,51,7500,1,845,1120,2145,0.5221,65.7513258691809
164003,410510075002,"Block Group 2, Census Tract 75, Multnomah County, Oregon",OR,Multnomah County,41,51,7500,2,305,520,940,0.5532,
164004,410510075003,"Block Group 3, Census Tract 75, Multnomah County, Oregon",OR,Multnomah County,41,51,7500,3,985,1415,2430,0.5823,
164005,410510076001,"Block Group 1, Census Tract 76, Multnomah County, Oregon",OR,Multnomah County,41,51,7600,1,285,500,1025,0.4878,65.7513258691809
164006,410510076002,"Block Group 2, Census Tract 76, Multnomah County, Oregon",OR,Multnomah County,41,51,7600,2,1385,1790,2435,0.7351,
164007,410510077001,"Block Group 1, Census Tract 77, Multnomah County, Oregon",OR,Multnomah County,41,51,7700,1,420,680,1090,0.6239,65.7513258691809
164008,410510077002,"Block Group 2, Census Tract 77, Multnomah County, Oregon",OR,Multnomah County,41,51,7700,2,285,455,1140,0.3991,
164009,410510078001,"Block Group 1, Census Tract 78, Multnomah County, Oregon",OR,Multnomah County,41,51,7800,1,495,710,805,0.882,65.7513258691809
164010,410510078002,"Block Group 2, Census Tract 78, Multnomah County, Oregon",OR,Multnomah County,41,51,7800,2,205,450,1115,0.4036,
164011,410510079001,"Block Group 1, Census Tract 79, Multnomah County, Oregon",OR,Multnomah County,41,51,7900,1,575,950,1280,0.7422,65.7513258691809
164012,410510079002,"Block Group 2, Census Tract 79, Multnomah County, Oregon",OR,Multnomah County,41,51,7900,2,755,1295,3010,0.4302,
164013,410510080011,"Block Group 1, Census Tract 80.01, Multnomah County, Oregon",OR,Multnomah County,41,51,8001,1,275,670,1570,0.4268,65.7513258691809
164014,410510080012,"Block Group 2, Census Tract 80.01, Multnomah County, Oregon",OR,Multnomah County,41,51,8001,2,905,1270,1880,0.6755,
164015,410510080021,"Block Group 1, Census Tract 80.02, Multnomah County, Oregon",OR,Multnomah County,41,51,8002,1,265,505,1785,0.2829,65.7513258691809
164016,410510080022,"Block Group 2, Census Tract 80.02, Multnomah County, Oregon",OR,Multnomah County,41,51,8002,2,530,665,1400,0.475,
164017,410510081001,"Block Group 1, Census Tract 81, Multnomah County, Oregon",OR,Multnomah County,41,51,8100,1,1075,1420,2805,0.5062,65.7513258691809
164018,410510081002,"Block Group 2, Census Tract 81, Multnomah County, Oregon",OR,Multnomah County,41,51,8100,2,470,800,1340,0.597,
164019,410510081003,"Block Group 3, Census Tract 81, Multnomah County, Oregon",OR,Multnomah County,41,51,8100,3,1245,1640,1750,0.9371,
164020,410510081004,"Block Group 4, Census Tract 81, Multnomah County, Oregon",OR,Multnomah County,41,51,8100,4,600,850,1445,0.5882,
164021,410510082011,"Block Group 1, Census Tract 82.01, Multnomah County, Oregon",OR,Multnomah County,41,51,8201,1,250,490,915,0.5355,65.7513258691809
164022,410510082012,"Block Group 2, Census Tract 82.01, Multnomah County, Oregon",OR,Multnomah County,41,51,8201,2,400,585,1020,0.5735,
164023,410510082013,"Block Group 3, Census Tract 82.01, Multnomah County, Oregon",OR,Multnomah County,41,51,8201,3,350,700,890,0.7865,
164024,410510082021,"Block Group 1, Census Tract 82.02, Multnomah County, Oregon",OR,Multnomah County,41,51,8202,1,985,1735,2750,0.6309,65.7513258691809
164025,410510082022,"Block Group 2, Census Tract 82.02, Multnomah County, Oregon",OR,Multnomah County,41,51,8202,2,910,1265,2255,0.561,
164026,410510082023,"Block Group 3, Census Tract 82.02, Multnomah County, Oregon",OR,Multnomah County,41,51,8202,3,2535,3210,3995,0.8035,
164027,410510083011,"Block Group 1, Census Tract 83.01, Multnomah County, Oregon",OR,Multnomah County,41,51,8301,1,1135,1480,1720,0.8605,65.7513258691809
164028,410510083012,"Block Group 2, Census Tract 83.01, Multnomah County, Oregon",OR,Multnomah County,41,51,8301,2,1395,2155,2580,0.8353,
164029,410510083021,"Block Group 1, Census Tract 83.02, Multnomah County, Oregon",OR,Multnomah County,41,51,8302,1,895,1055,1655,0.6375,65.7513258691809
164030,410510083022,"Block Group 2, Census Tract 83.02, Multnomah County, Oregon",OR,Multnomah County,41,51,8302,2,1125,1705,2535,0.6726,
164031,410510084001,"Block Group 1, Census Tract 84, Multnomah County, Oregon",OR,Multnomah County,41,51,8400,1,825,1260,1930,0.6528,65.7513258691809
164032,410510084002,"Block Group 2, Census Tract 84, Multnomah County, Oregon",OR,Multnomah County,41,51,8400,2,1235,2100,2510,0.8367,
164033,410510085001,"Block Group 1, Census Tract 85, Multnomah County, Oregon",OR,Multnomah County,41,51,8500,1,1045,1815,3000,0.605,65.7513258691809
164034,410510085002,"Block Group 2, Census Tract 85, Multnomah County, Oregon",OR,Multnomah County,41,51,8500,2,440,615,1065,0.5775,
164035,410510086001,"Block Group 1, Census Tract 86, Multnomah County, Oregon",OR,Multnomah County,41,51,8600,1,820,1165,1535,0.759,65.7513258691809
164036,410510086002,"Block Group 2, Census Tract 86, Multnomah County, Oregon",OR,Multnomah County,41,51,8600,2,945,1750,2600,0.6731,
164037,410510087001,"Block Group 1, Census Tract 87, Multnomah County, Oregon",OR,Multnomah County,41,51,8700,1,660,1070,1765,0.6062,65.7513258691809
164038,410510087002,"Block Group 2, Census Tract 87, Multnomah County, Oregon",OR,Multnomah County,41,51,8700,2,580,830,1515,0.5479,
164039,410510087003,"Block Group 3, Census Tract 87, Multnomah County, Oregon",OR,Multnomah County,41,51,8700,3,285,430,1240,0.3468,
164040,410510088001,"Block Group 1, Census Tract 88, Multnomah County, Oregon",OR,Multnomah County,41,51,8800,1,715,945,1665,0.5676,65.7513258691809
164041,410510088002,"Block Group 2, Census Tract 88, Multnomah County, Oregon",OR,Multnomah County,41,51,8800,2,590,915,1540,0.5942,
164042,410510088003,"Block Group 3, Census Tract 88, Multnomah County, Oregon",OR,Multnomah County,41,51,8800,3,240,400,1375,0.2909,
164043,410510089011,"Block Group 1, Census Tract 89.01, Multnomah County, Oregon",OR,Multnomah County,41,51,8901,1,855,1825,5190,0.3516,65.7513258691809
164044,410510089012,"Block Group 2, Census Tract 89.01, Multnomah County, Oregon",OR,Multnomah County,41,51,8901,2,1315,1565,2560,0.6113,
164045,410510089013,"Block Group 3, Census Tract 89.01, Multnomah County, Oregon",OR,Multnomah County,41,51,8901,3,360,635,1435,0.4425,
164046,410510089021,"Block Group 1, Census Tract 89.02, Multnomah County, Oregon",OR,Multnomah County,41,51,8902,1,570,1000,2730,0.3663,65.7513258691809
164047,410510089022,"Block Group 2, Census Tract 89.02, Multnomah County, Oregon",OR,Multnomah County,41,51,8902,2,640,905,995,0.9095,
164048,410510090001,"Block Group 1, Census Tract 90, Multnomah County, Oregon",OR,Multnomah County,41,51,9000,1,1875,2290,3825,0.5987,65.7513258691809
164049,410510090002,"Block Group 2, Census Tract 90, Multnomah County, Oregon",OR,Multnomah County,41,51,9000,2,1305,1985,2695,0.7365,
164050,410510090003,"Block Group 3, Census Tract 90, Multnomah County, Oregon",OR,Multnomah County,41,51,9000,3,1530,2865,3730,0.7681,
164051,410510091011,"Block Group 1, Census Tract 91.01, Multnomah County, Oregon",OR,Multnomah County,41,51,9101,1,1620,2540,3505,0.7247,65.7513258691809
164052,410510091012,"Block Group 2, Census Tract 91.01, Multnomah County, Oregon",OR,Multnomah County,41,51,9101,2,1260,1490,2325,0.6409,
164053,410510091021,"Block Group 1, Census Tract 91.02, Multnomah County, Oregon",OR,Multnomah County,41,51,9102,1,525,580,1055,0.5498,65.7513258691809
164054,410510091022,"Block Group 2, Census Tract 91.02, Multnomah County, Oregon",OR,Multnomah County,41,51,9102,2,400,865,1935,0.447,
164055,410510091023,"Block Group 3, Census Tract 91.02, Multnomah County, Oregon",OR,Multnomah County,41,51,9102,3,305,520,800,0.65,
164056,410510091024,"Block Group 4, Census Tract 91.02, Multnomah County, Oregon",OR,Multnomah County,41,51,9102,4,620,1200,2215,0.5418,
164057,410510092011,"Block Group 1, Census Tract 92.01, Multnomah County, Oregon",OR,Multnomah County,41,51,9201,1,635,985,1280,0.7695,65.7513258691809
164058,410510092012,"Block Group 2, Census Tract 92.01, Multnomah County, Oregon",OR,Multnomah County,41,51,9201,2,2175,3175,4270,0.7436,
164059,410510092013,"Block Group 3, Census Tract 92.01, Multnomah County, Oregon",OR,Multnomah County,41,51,9201,3,670,970,2175,0.446,
164060,410510092021,"Block Group 1, Census Tract 92.02, Multnomah County, Oregon",OR,Multnomah County,41,51,9202,1,875,1690,2815,0.6004,65.7513258691809
164061,410510092022,"Block Group 2, Census Tract 92.02, Multnomah County, Oregon",OR,Multnomah County,41,51,9202,2,320,475,965,0.4922,
164062,410510092023,"Block Group 3, Census Tract 92.02, Multnomah County, Oregon",OR,Multnomah County,41,51,9202,3,350,685,1135,0.6035,
164063,410510093011,"Block Group 1, Census Tract 93.01, Multnomah County, Oregon",OR,Multnomah County,41,51,9301,1,700,1115,2325,0.4796,65.7513258691809
164064,410510093012,"Block Group 2, Census Tract 93.01, Multnomah County, Oregon",OR,Multnomah County,41,51,9301,2,290,360,1310,0.2748,
164065,410510093013,"Block Group 3, Census Tract 93.01, Multnomah County, Oregon",OR,Multnomah County,41,51,9301,3,1365,2265,3150,0.719,
164066,410510093021,"Block Group 1, Census Tract 93.02, Multnomah County, Oregon",OR,Multnomah County,41,51,9302,1,945,1260,2630,0.4791,65.7513258691809
164067,410510093022,"Block Group 2, Census Tract 93.02, Multnomah County, Oregon",OR,Multnomah County,41,51,9302,2,355,750,1665,0.4505,
164068,410510094001,"Block Group 1, Census Tract 94, Multnomah County, Oregon",OR,Multnomah County,41,51,9400,1,390,725,1385,0.5235,65.7513258691809
164069,410510094002,"Block Group 2, Census Tract 94, Multnomah County, Oregon",OR,Multnomah County,41,51,9400,2,525,560,1275,0.4392,
164070,410510094003,"Block Group 3, Census Tract 94, Multnomah County, Oregon",OR,Multnomah County,41,51,9400,3,220,365,1155,0.316,
164071,410510094004,"Block Group 4, Census Tract 94, Multnomah County, Oregon",OR,Multnomah County,41,51,9400,4,180,235,1270,0.185,
164072,410510094005,"Block Group 5, Census Tract 94, Multnomah County, Oregon",OR,Multnomah County,41,51,9400,5,745,1220,1895,0.6438,
164073,410510095011,"Block Group 1, Census Tract 95.01, Multnomah County, Oregon",OR,Multnomah County,41,51,9501,1,1255,1725,3140,0.5494,65.7513258691809
164074,410510095012,"Block Group 2, Census Tract 95.01, Multnomah County, Oregon",OR,Multnomah County,41,51,9501,2,375,865,1610,0.5373,
164075,410510095021,"Block Group 1, Census Tract 95.02, Multnomah County, Oregon",OR,Multnomah County,41,51,9502,1,170,290,1020,0.2843,65.7513258691809
164076,410510095022,"Block Group 2, Census Tract 95.02, Multnomah County, Oregon",OR,Multnomah County,41,51,9502,2,70,130,855,0.152,
164077,410510095023,"Block Group 3, Census Tract 95.02, Multnomah County, Oregon",OR,Multnomah County,41,51,9502,3,1275,1565,2370,0.6603,
164078,410510096031,"Block Group 1, Census Tract 96.03, Multnomah County, Oregon",OR,Multnomah County,41,51,9603,1,650,935,1905,0.4908,65.7513258691809
164079,410510096032,"Block Group 2, Census Tract 96.03, Multnomah County, Oregon",OR,Multnomah County,41,51,9603,2,730,1100,1885,0.5836,
164080,410510096041,"Block Group 1, Census Tract 96.04, Multnomah County, Oregon",OR,Multnomah County,41,51,9604,1,985,1240,1795,0.6908,65.7513258691809
164081,410510096042,"Block Group 2, Census Tract 96.04, Multnomah County, Oregon",OR,Multnomah County,41,51,9604,2,2230,3000,3580,0.838,
164082,410510096051,"Block Group 1, Census Tract 96.05, Multnomah County, Oregon",OR,Multnomah County,41,51,9605,1,950,1280,1815,0.7052,65.7513258691809
164083,410510096052,"Block Group 2, Census Tract 96.05, Multnomah County, Oregon",OR,Multnomah County,41,51,9605,2,720,1455,1800,0.8083,
164084,410510096053,"Block Group 3, Census Tract 96.05, Multnomah County, Oregon",OR,Multnomah County,41,51,9605,3,570,1100,1900,0.5789,
164085,410510096061,"Block Group 1, Census Tract 96.06, Multnomah County, Oregon",OR,Multnomah County,41,51,9606,1,1185,1905,2805,0.6791,65.7513258691809
164086,410510096062,"Block Group 2, Census Tract 96.06, Multnomah County, Oregon",OR,Multnomah County,41,51,9606,2,1615,2045,2715,0.7532,
164087,410510097011,"Block Group 1, Census Tract 97.01, Multnomah County, Oregon",OR,Multnomah County,41,51,9701,1,1495,1965,2705,0.7264,65.7513258691809
164088,410510097012,"Block Group 2, Census Tract 97.01, Multnomah County, Oregon",OR,Multnomah County,41,51,9701,2,390,765,1215,0.6296,
164089,410510097013,"Block Group 3, Census Tract 97.01, Multnomah County, Oregon",OR,Multnomah County,41,51,9701,3,825,1220,1985,0.6146,
164090,410510097021,"Block Group 1, Census Tract 97.02, Multnomah County, Oregon",OR,Multnomah County,41,51,9702,1,1895,2590,3795,0.6825,65.7513258691809
164091,410510097022,"Block Group 2, Census Tract 97.02, Multnomah County, Oregon",OR,Multnomah County,41,51,9702,2,1015,1450,2070,0.7005,
164092,410510097023,"Block Group 3, Census Tract 97.02, Multnomah County, Oregon",OR,Multnomah County,41,51,9702,3,460,735,1090,0.6743,
164093,410510097024,"Block Group 4, Census Tract 97.02, Multnomah County, Oregon",OR,Multnomah County,41,51,9702,4,490,1030,1305,0.7893,
164094,410510098011,"Block Group 1, Census Tract 98.01, Multnomah County, Oregon",OR,Multnomah County,41,51,9801,1,1460,1955,2160,0.9051,65.7513258691809
164095,410510098012,"Block Group 2, Census Tract 98.01, Multnomah County, Oregon",OR,Multnomah County,41,51,9801,2,1055,1525,2050,0.7439,
164096,410510098031,"Block Group 1, Census Tract 98.03, Multnomah County, Oregon",OR,Multnomah County,41,51,9803,1,335,685,1740,0.3937,65.7513258691809
164097,410510098032,"Block Group 2, Census Tract 98.03, Multnomah County, Oregon",OR,Multnomah County,41,51,9803,2,1110,1625,2310,0.7035,
164098,410510098033,"Block Group 3, Census Tract 98.03, Multnomah County, Oregon",OR,Multnomah County,41,51,9803,3,635,1020,2120,0.4811,
164099,410510098034,"Block Group 4, Census Tract 98.03, Multnomah County, Oregon",OR,Multnomah County,41,51,9803,4,1200,1290,1405,0.9181,
164100,410510098041,"Block Group 1, Census Tract 98.04, Multnomah County, Oregon",OR,Multnomah County,41,51,9804,1,525,695,1385,0.5018,65.7513258691809
164101,410510098042,"Block Group 2, Census Tract 98.04, Multnomah County, Oregon",OR,Multnomah County,41,51,9804,2,750,1320,1860,0.7097,
164102,410510099031,"Block Group 1, Census Tract 99.03, Multnomah County, Oregon",OR,Multnomah County,41,51,9903,1,70,400,1220,0.3279,65.7513258691809
164103,410510099032,"Block Group 2, Census Tract 99.03, Multnomah County, Oregon",OR,Multnomah County,41,51,9903,2,55,295,1215,0.2428,
164104,410510099033,"Block Group 3, Census Tract 99.03, Multnomah County, Oregon",OR,Multnomah County,41,51,9903,3,75,435,2045,0.2127,
164105,410510099034,"Block Group 4, Census Tract 99.03, Multnomah County, Oregon",OR,Multnomah County,41,51,9903,4,55,300,1370,0.219,
164106,410510099041,"Block Group 1, Census Tract 99.04, Multnomah County, Oregon",OR,Multnomah County,41,51,9904,1,795,960,1710,0.5614,65.7513258691809
164107,410510099042,"Block Group 2, Census Tract 99.04, Multnomah County, Oregon",OR,Multnomah County,41,51,9904,2,230,420,640,0.6563,
164108,410510099043,"Block Group 3, Census Tract 99.04, Multnomah County, Oregon",OR,Multnomah County,41,51,9904,3,75,190,1105,0.1719,
164109,410510099051,"Block Group 1, Census Tract 99.05, Multnomah County, Oregon",OR,Multnomah County,41,51,9905,1,115,365,1520,0.2401,65.7513258691809
164110,410510099052,"Block Group 2, Census Tract 99.05, Multnomah County, Oregon",OR,Multnomah County,41,51,9905,2,470,595,1660,0.3584,
164111,410510099061,"Block Group 1, Census Tract 99.06, Multnomah County, Oregon",OR,Multnomah County,41,51,9906,1,455,870,2280,0.3816,65.7513258691809
164112,410510099062,"Block Group 2, Census Tract 99.06, Multnomah County, Oregon",OR,Multnomah County,41,51,9906,2,120,185,925,0.2,
164113,410510099071,"Block Group 1, Census Tract 99.07, Multnomah County, Oregon",OR,Multnomah County,41,51,9907,1,290,915,1315,0.6958,65.7513258691809
164114,410510099072,"Block Group 2, Census Tract 99.07, Multnomah County, Oregon",OR,Multnomah County,41,51,9907,2,285,670,975,0.6872,
164115,410510099073,"Block Group 3, Census Tract 99.07, Multnomah County, Oregon",OR,Multnomah County,41,51,9907,3,395,760,2740,0.2774,
164116,410510100011,"Block Group 1, Census Tract 100.01, Multnomah County, Oregon",OR,Multnomah County,41,51,10001,1,1125,1355,1750,0.7743,65.7513258691809
164117,410510100012,"Block Group 2, Census Tract 100.01, Multnomah County, Oregon",OR,Multnomah County,41,51,10001,2,755,910,1095,0.8311,
164118,410510100013,"Block Group 3, Census Tract 100.01, Multnomah County, Oregon",OR,Multnomah County,41,51,10001,3,915,1610,2725,0.5908,
164119,410510100021,"Block Group 1, Census Tract 100.02, Multnomah County, Oregon",OR,Multnomah County,41,51,10002,1,765,1645,2850,0.5772,65.7513258691809
164120,410510100022,"Block Group 2, Census Tract 100.02, Multnomah County, Oregon",OR,Multnomah County,41,51,10002,2,390,740,2505,0.2954,
164121,410510101001,"Block Group 1, Census Tract 101, Multnomah County, Oregon",OR,Multnomah County,41,51,10100,1,285,310,665,0.4662,65.7513258691809
164122,410510101002,"Block Group 2, Census Tract 101, Multnomah County, Oregon",OR,Multnomah County,41,51,10100,2,1250,1915,4785,0.4002,
164123,410510101003,"Block Group 3, Census Tract 101, Multnomah County, Oregon",OR,Multnomah County,41,51,10100,3,1220,1660,2540,0.6535,
164124,410510101004,"Block Group 4, Census Tract 101, Multnomah County, Oregon",OR,Multnomah County,41,51,10100,4,270,760,1170,0.6496,
164125,410510102001,"Block Group 1, Census Tract 102, Multnomah County, Oregon",OR,Multnomah County,41,51,10200,1,285,320,1395,0.2294,65.7513258691809
164126,410510102002,"Block Group 2, Census Tract 102, Multnomah County, Oregon",OR,Multnomah County,41,51,10200,2,1205,2030,2630,0.7719,
164127,410510102003,"Block Group 3, Census Tract 102, Multnomah County, Oregon",OR,Multnomah County,41,51,10200,3,60,310,2055,0.1509,
164128,410510103031,"Block Group 1, Census Tract 103.03, Multnomah County, Oregon",OR,Multnomah County,41,51,10303,1,890,1195,2790,0.4283,65.7513258691809
164129,410510103032,"Block Group 2, Census Tract 103.03, Multnomah County, Oregon",OR,Multnomah County,41,51,10303,2,770,1435,2665,0.5385,
164130,410510103041,"Block Group 1, Census Tract 103.04, Multnomah County, Oregon",OR,Multnomah County,41,51,10304,1,1210,1900,2490,0.7631,65.7513258691809
164131,410510103042,"Block Group 2, Census Tract 103.04, Multnomah County, Oregon",OR,Multnomah County,41,51,10304,2,1080,1475,2090,0.7057,
164132,410510103051,"Block Group 1, Census Tract 103.05, Multnomah County, Oregon",OR,Multnomah County,41,51,10305,1,500,1055,1540,0.6851,65.7513258691809
164133,410510103052,"Block Group 2, Census Tract 103.05, Multnomah County, Oregon",OR,Multnomah County,41,51,10305,2,160,315,1345,0.2342,
164134,410510103053,"Block Group 3, Census Tract 103.05, Multnomah County, Oregon",OR,Multnomah County,41,51,10305,3,180,215,1255,0.1713,
164135,410510103061,"Block Group 1, Census Tract 103.06, Multnomah County, Oregon",OR,Multnomah County,41,51,10306,1,290,820,1810,0.453,65.7513258691809
164136,410510103062,"Block Group 2, Census Tract 103.06, Multnomah County, Oregon",OR,Multnomah County,41,51,10306,2,325,630,2090,0.3014,
164137,410510103063,"Block Group 3, Census Tract 103.06, Multnomah County, Oregon",OR,Multnomah County,41,51,10306,3,535,565,995,0.5678,
164138,410510104021,"Block Group 1, Census Tract 104.02, Multnomah County, Oregon",OR,Multnomah County,41,51,10402,1,220,330,1415,0.2332,65.7513258691809
164139,410510104022,"Block Group 2, Census Tract 104.02, Multnomah County, Oregon",OR,Multnomah County,41,51,10402,2,225,950,2710,0.3506,
164140,410510104023,"Block Group 3, Census Tract 104.02, Multnomah County, Oregon",OR,Multnomah County,41,51,10402,3,265,550,2160,0.2546,
164141,410510104051,"Block Group 1, Census Tract 104.05, Multnomah County, Oregon",OR,Multnomah County,41,51,10405,1,175,515,1855,0.2776,65.7513258691809
164142,410510104052,"Block Group 2, Census Tract 104.05, Multnomah County, Oregon",OR,Multnomah County,41,51,10405,2,590,765,1110,0.6892,
164143,410510104053,"Block Group 3, Census Tract 104.05, Multnomah County, Oregon",OR,Multnomah County,41,51,10405,3,460,1320,1675,0.7881,
164144,410510104054,"Block Group 4, Census Tract 104.05, Multnomah County, Oregon",OR,Multnomah County,41,51,10405,4,510,600,1380,0.4348,
164145,410510104071,"Block Group 1, Census Tract 104.07, Multnomah County, Oregon",OR,Multnomah County,41,51,10407,1,320,635,2370,0.2679,65.7513258691809
164146,410510104072,"Block Group 2, Census Tract 104.07, Multnomah County, Oregon",OR,Multnomah County,41,51,10407,2,855,1285,1960,0.6556,
164147,410510104073,"Block Group 3, Census Tract 104.07, Multnomah County, Oregon",OR,Multnomah County,41,51,10407,3,280,490,1390,0.3525,
164148,410510104081,"Block Group 1, Census Tract 104.08, Multnomah County, Oregon",OR,Multnomah County,41,51,10408,1,225,400,1555,0.2572,65.7513258691809
164149,410510104082,"Block Group 2, Census Tract 104.08, Multnomah County, Oregon",OR,Multnomah County,41,51,10408,2,425,865,1760,0.4915,
164150,410510104083,"Block Group 3, Census Tract 104.08, Multnomah County, Oregon",OR,Multnomah County,41,51,10408,3,360,925,1145,0.8079,
164151,410510104084,"Block Group 4, Census Tract 104.08, Multnomah County, Oregon",OR,Multnomah County,41,51,10408,4,970,1180,1395,0.8459,
164152,410510104091,"Block Group 1, Census Tract 104.09, Multnomah County, Oregon",OR,Multnomah County,41,51,10409,1,1515,2245,5770,0.3891,65.7513258691809
164153,410510104092,"Block Group 2, Census Tract 104.09, Multnomah County, Oregon",OR,Multnomah County,41,51,10409,2,170,310,1865,0.1662,
164154,410510104093,"Block Group 3, Census Tract 104.09, Multnomah County, Oregon",OR,Multnomah County,41,51,10409,3,65,95,860,0.1105,
164155,410510104101,"Block Group 1, Census Tract 104.10, Multnomah County, Oregon",OR,Multnomah County,41,51,10410,1,1085,1500,2120,0.7075,65.7513258691809
164156,410510104102,"Block Group 2, Census Tract 104.10, Multnomah County, Oregon",OR,Multnomah County,41,51,10410,2,555,950,1595,0.5956,
164157,410510104103,"Block Group 3, Census Tract 104.10, Multnomah County, Oregon",OR,Multnomah County,41,51,10410,3,510,865,1050,0.8238,
164158,410510104111,"Block Group 1, Census Tract 104.11, Multnomah County, Oregon",OR,Multnomah County,41,51,10411,1,690,1215,1605,0.757,65.7513258691809
164159,410510104112,"Block Group 2, Census Tract 104.11, Multnomah County, Oregon",OR,Multnomah County,41,51,10411,2,535,825,1540,0.5357,
164160,410510105001,"Block Group 1, Census Tract 105, Multnomah County, Oregon",OR,Multnomah County,41,51,10500,1,70,140,1235,0.1134,65.7513258691809
164161,410510105002,"Block Group 2, Census Tract 105, Multnomah County, Oregon",OR,Multnomah County,41,51,10500,2,245,505,1105,0.457,
164162,410510105003,"Block Group 3, Census Tract 105, Multnomah County, Oregon",OR,Multnomah County,41,51,10500,3,190,190,520,0.3654,
164163,410510105004,"Block Group 4, Census Tract 105, Multnomah County, Oregon",OR,Multnomah County,41,51,10500,4,185,385,1170,0.3291,
164164,410510106001,"Block Group 1, Census Tract 106, Multnomah County, Oregon",OR,Multnomah County,41,51,10600,1,460,550,595,0.9244,65.7513258691809
164165,410510106002,"Block Group 2, Census Tract 106, Multnomah County, Oregon",OR,Multnomah County,41,51,10600,2,900,1015,1365,0.7436,
164166,410510106003,"Block Group 3, Census Tract 106, Multnomah County, Oregon",OR,Multnomah County,41,51,10600,3,340,345,360,0.9583,
164167,410519800001,"Block Group 1, Census Tract 9800, Multnomah County, Oregon",OR,Multnomah County,41,51,980000,1,0,0,0,0.0,65.7513258691809
